24,"46181","México-Toluca","1. Solicitud","Vogel",200,27,"27"
24,"46181","México-Toluca","1. Solicitud","Perfiladora",300,27,"27"
24,"46181","México-Toluca","1. Solicitud","Retroexcavadora",30,27,"27"
24,"46181","México-Toluca","1. Solicitud","Barredora",20,27,"27"
24,"46181","México-Toluca","1. Solicitud","Neuomatico",30,27,"27"
24,"46181","México-Toluca","1. Solicitud","Compactador",30,27,"27"
24,"46181","México-Toluca","1. Solicitud","Limpieza",30,27,"27"
24,"46181","Lerma - Tres Marías","1. Solicitud","Retroexcavadora",50,27,"27"
24,"46181","Lerma - Tres Marías","1. Solicitud","Neuomatico",50,27,"27"
24,"46181","Lerma - Tres Marías","1. Solicitud","Petrolizadora",60,27,"27"
24,"","Bacheo Toluca","1. Solicitud","Retroexcavadora",100,27,"27"
24,"46181","Chamapa-Lechería","1. Solicitud","Perfiladora Wirgent",250,27,"27"
24,"46181","Chamapa-Lechería","1. Solicitud","Perfiladora Cat-PM",150,27,"27"
24,"46181","Chamapa-Lechería","1. Solicitud","Barredora Broce",40,27,"27"
24,"46181","Chamapa-Lechería","1. Solicitud","Retroexcavadora Jonh Deere",60,27,"27"
24,"46181","Chamapa-Lechería","1. Solicitud","Buggy Trasnfer",100,27,"27"
24,"46181","Chamapa-Lechería","1. Solicitud","Vogele Guion",100,27,"27"
24,"46181","Chamapa-Lechería","1. Solicitud","Limpieza",20,27,"27"
24,"46181","Chamapa-Lechería","1. Solicitud","Tandem Hamm",50,27,"27"
24,"46181","Chamapa-Lechería","1. Solicitud","Neuomatico Dynapac",50,27,"27"
24,"46181","Chamapa-Lechería","1. Solicitud","Petrolizadora Elton",50,27,"27"
24,"46181","Chamapa-Lechería","1. Solicitud","Camion de Impacto",20,27,"27"
24,"46181","Chamapa-Lechería","1. Solicitud","Maxilihgs",50,27,"27"
24,"46181","Chamapa-Lechería","1. Solicitud","Compresor",40,27,"27"
24,"46181","Chamapa-Lechería","1. Solicitud","Rastrillador",10,27,"27"
24,"46182","Chamapa-Lechería","1. Solicitud","Perfiladora Wirgent",250,27,"27"
24,"46182","Chamapa-Lechería","1. Solicitud","Barredora Broce",40,27,"27"
24,"46182","Chamapa-Lechería","1. Solicitud","Retroexcavadora Jonh Deere",60,27,"27"
24,"46182","Chamapa-Lechería","1. Solicitud","Buggy Trasnfer",100,27,"27"
24,"46182","Chamapa-Lechería","1. Solicitud","Vogele Guion",100,27,"27"
24,"46182","Chamapa-Lechería","1. Solicitud","Limpieza",20,27,"27"
24,"46182","Chamapa-Lechería","1. Solicitud","Tandem Hamm",50,27,"27"
24,"46182","Chamapa-Lechería","1. Solicitud","Neuomatico Dynapac",50,27,"27"
24,"46182","Chamapa-Lechería","1. Solicitud","Petrolizadora Elton",50,27,"27"
24,"46182","Chamapa-Lechería","1. Solicitud","Maxilihgs",40,27,"27"
24,"46182","Chamapa-Lechería","1. Solicitud","Compresor",30,27,"27"
24,"46182","Lerma - Tres Marías","1. Solicitud","Retroexcavadora",50,27,"27"
24,"46182","Lerma - Tres Marías","1. Solicitud","Neuomatico",50,27,"27"
24,"46182","Lerma - Tres Marías","1. Solicitud","Petrolizadora",60,27,"27"
24,"46182","Lerma - Tres Marías","1. Solicitud","Doble Rodillo",50,27,"27"
24,"","Bacheo Toluca","1. Solicitud","Retroexcavadora",100,27,"27"
24,"46183","México-Toluca","1. Solicitud","Perfiladora",250,27,"27"
24,"46183","México-Toluca","1. Solicitud","Retroexcavadora",30,27,"27"
24,"46183","México-Toluca","1. Solicitud","Barredora",20,27,"27"
24,"46183","México-Toluca","1. Solicitud","Maxilihgs",20,27,"27"
24,"46184","Lerma - Tres Marías","1. Solicitud","Petrolizadora",80,27,"27"
24,"46184","Lerma - Tres Marías","1. Solicitud","Camion de Impacto",80,27,"27"
24,"46184","Lerma - Tres Marías","1. Solicitud","Retroexcavadora",70,27,"27"
24,"46184","Lerma - Tres Marías","1. Solicitud","Doble Rodillo",40,27,"27"
24,"46184","Lerma - Tres Marías","1. Solicitud","Vogel",150,27,"27"
24,"46184","Lerma - Tres Marías","1. Solicitud","Limpieza",30,27,"27"
24,"46184","Lerma - Tres Marías","1. Solicitud","Rastrillador",10,27,"27"
24,"","Bacheo Toluca","1. Solicitud","Retroexcavadora",50,27,"27"
24,"","Bacheo Toluca","1. Solicitud","Otro",10,27,"27"
24,"","Bacheo Toluca","1. Solicitud","Limpieza",10,27,"27"
24,"46185","México-Toluca","1. Solicitud","Perfiladora",250,27,"27"
24,"46185","México-Toluca","1. Solicitud","Vogel",150,27,"27"
24,"46185","México-Toluca","1. Solicitud","Compactador",40,27,"27"
24,"46185","México-Toluca","1. Solicitud","Neuomatico",30,27,"27"
24,"46185","México-Toluca","1. Solicitud","Retroexcavadora",30,27,"27"
24,"46185","México-Toluca","1. Solicitud","Barredora",20,27,"27"
24,"46185","México-Toluca","1. Solicitud","Maxilihgs",20,27,"27"
24,"46185","Chamapa-Lechería","1. Solicitud","Perfiladora Wirgent",250,27,"27"
24,"46185","Chamapa-Lechería","1. Solicitud","Barredora Broce",40,27,"27"
24,"46185","Chamapa-Lechería","1. Solicitud","Retroexcavadora Jonh Deere",60,27,"27"
24,"46185","Chamapa-Lechería","1. Solicitud","Vogele Guion",100,27,"27"
24,"46185","Chamapa-Lechería","1. Solicitud","Limpieza",20,27,"27"
24,"46185","Chamapa-Lechería","1. Solicitud","Tandem Hamm",50,27,"27"
24,"46185","Chamapa-Lechería","1. Solicitud","Neuomatico Dynapac",50,27,"27"
24,"46185","Chamapa-Lechería","1. Solicitud","Petrolizadora Elton",50,27,"27"
25,"46188","México-Toluca","1. Solicitud","Perfiladora Wirgent",250,27,"27"
25,"46188","México-Toluca","1. Solicitud","Vogele Guion",100,27,"27"
25,"46188","México-Toluca","1. Solicitud","Tandem Hamm",50,27,"27"
25,"46188","México-Toluca","1. Solicitud","Limpieza",20,27,"27"
25,"46188","México-Toluca","1. Solicitud","Neuomatico Dynapac",50,27,"27"
25,"46188","México-Toluca","1. Solicitud","Barredora Broce",40,27,"27"
25,"46188","México-Toluca","1. Solicitud","Retroexcavadora",60,27,"27"
25,"46188","México-Toluca","1. Solicitud","Petrolizadora Elton",50,27,"27"
25,"46188","Lerma - Tres Marías","1. Solicitud","Vogel",90,27,"27"
25,"46188","Lerma - Tres Marías","1. Solicitud","Neuomatico",40,27,"27"
25,"46188","Lerma - Tres Marías","1. Solicitud","Barredora",40,27,"27"
25,"","Bacheo Toluca","1. Solicitud","Retroexcavadora",70,27,"27"
25,"","Bacheo Toluca","1. Solicitud","Perfiladora",200,27,"27"
25,"","Bacheo Toluca","1. Solicitud","Doble Rodillo",40,27,"27"
25,"46189","Lerma - Tres Marías","1. Solicitud","Limpieza",25,27,"27"
25,"46189","Lerma - Tres Marías","1. Solicitud","Petrolizadora",60,27,"27"
25,"46189","Lerma - Tres Marías","1. Solicitud","Tandem Hamm",50,27,"27"
25,"46189","Lerma - Tres Marías","1. Solicitud","Perfiladora",250,27,"27"
25,"46189","Lerma - Tres Marías","1. Solicitud","Barredora",70,27,"27"
25,"46189","Lerma - Tres Marías","1. Solicitud","Retroexcavadora",50,27,"27"
25,"46189","México-Toluca","1. Solicitud","Perfiladora Wirgent",250,27,"27"
25,"46189","México-Toluca","1. Solicitud","Vogele Guion",200,27,"27"
25,"46189","México-Toluca","1. Solicitud","Limpieza",20,27,"27"
25,"46189","México-Toluca","1. Solicitud","Tandem Hamm",50,27,"27"
25,"46189","México-Toluca","1. Solicitud","Neuomatico",50,27,"27"
25,"46189","México-Toluca","1. Solicitud","Barredora Broce",40,27,"27"
25,"46189","México-Toluca","1. Solicitud","Retroexcavadora",50,27,"27"
25,"46189","México-Toluca","1. Solicitud","Petrolizadora Elton",50,27,"27"
25,"46190","Lerma - Tres Marías","1. Solicitud","Pipa",50,27,"27"
25,"46190","Lerma - Tres Marías","1. Solicitud","Neuomatico",30,27,"27"
25,"46190","Lerma - Tres Marías","1. Solicitud","Doble Rodillo",50,27,"27"
25,"46190","Lerma - Tres Marías","1. Solicitud","Vogel",130,27,"27"
25,"46190","Lerma - Tres Marías","1. Solicitud","Limpieza",20,27,"27"
25,"46190","Lerma - Tres Marías","1. Solicitud","Rastrillador",160,27,"27"
25,"46190","Lerma - Tres Marías","1. Solicitud","Petrolizadora",70,27,"27"
25,"46190","Lerma - Tres Marías","1. Solicitud","Perfiladora",250,27,"27"
25,"46190","Lerma - Tres Marías","1. Solicitud","Pipa",150,27,"27"
25,"46190","México-Toluca","1. Solicitud","Perfiladora Wirgent",250,27,"27"
25,"46190","México-Toluca","1. Solicitud","Vogele Guion",100,27,"27"
25,"46190","México-Toluca","1. Solicitud","Limpieza",20,27,"27"
25,"46190","México-Toluca","1. Solicitud","Tandem Hamm",50,27,"27"
25,"46190","México-Toluca","1. Solicitud","Neuomatico",50,27,"27"
25,"46190","México-Toluca","1. Solicitud","Barredora Broce",30,27,"27"
25,"46190","México-Toluca","1. Solicitud","Retroexcavadora",80,27,"27"
25,"46190","México-Toluca","1. Solicitud","Petrolizadora Elton",50,27,"27"
25,"46190","Bacheo Toluca","1. Solicitud","Retroexcavadora",70,27,"27"
25,"46190","Bacheo Toluca","1. Solicitud","Retroexcavadora",70,27,"27"
25,"46190","Bacheo Toluca","1. Solicitud","Perfiladora",200,27,"27"
25,"46190","Bacheo Toluca","1. Solicitud","Doble Rodillo",20,27,"27"
25,"46191","México-Toluca","1. Solicitud","Perfiladora Wirgent",250,27,"27"
25,"46191","México-Toluca","1. Solicitud","Vogele Guion",100,27,"27"
25,"46191","México-Toluca","1. Solicitud","Limpieza",20,27,"27"
25,"46191","México-Toluca","1. Solicitud","Tandem Hamm",40,27,"27"
25,"46191","México-Toluca","1. Solicitud","Neuomatico",40,27,"27"
25,"46191","México-Toluca","1. Solicitud","Barredora Broce",30,27,"27"
25,"46191","México-Toluca","1. Solicitud","Retroexcavadora",70,27,"27"
25,"46191","México-Toluca","1. Solicitud","Petrolizadora Elton",40,27,"27"
25,"46191","Lerma - Tres Marías","1. Solicitud","Camion de Impacto",80,27,"27"
26,"38887","Planta Asflato Huixquilucan","1. Solicitud","Maxilihgs",100,27,"27"
26,"38887","Planta Asflato Huixquilucan","1. Solicitud","Generador",200,27,"27"
26,"38887","Planta Asflato Huixquilucan","1. Solicitud","PayLoder",100,27,"27"
26,"38887","Planta Asflato Huixquilucan","1. Solicitud","Criba Roja",100,27,"27"
26,"38887","Lerma - Tres Marías","1. Solicitud","Retroexcavadora",80,27,"27"
26,"38887","Lerma - Tres Marías","1. Solicitud","Tandem Hamm",50,27,"27"
26,"38887","Lerma - Tres Marías","1. Solicitud","Neuomatico Dynapac",30,27,"27"
26,"38887","Lerma - Tres Marías","1. Solicitud","Barredora",50,27,"27"
26,"38887","Lerma - Tres Marías","1. Solicitud","Pipa",50,27,"27"
26,"38887","Lerma - Tres Marías","1. Solicitud","Perfiladora",200,27,"27"
26,"38887","Lerma - Tres Marías","1. Solicitud","Vogel",130,27,"27"
26,"38887","Lerma - Tres Marías","1. Solicitud","Limpieza",20,27,"27"
26,"38887","Lerma - Tres Marías","1. Solicitud","Rastrillador",10,27,"27"
26,"38887","Lerma - Tres Marías","1. Solicitud","Petrolizadora",80,27,"27"
25,"46192","México-Toluca","1. Solicitud","Vogele Guion",100,27,"27"
25,"46192","México-Toluca","1. Solicitud","Limpieza",20,27,"27"
25,"46192","México-Toluca","1. Solicitud","Tandem CAT",60,27,"27"
25,"46192","México-Toluca","1. Solicitud","Neuomatico",80,27,"27"
25,"46192","México-Toluca","1. Solicitud","Barredora Broce",40,27,"27"
25,"46192","México-Toluca","1. Solicitud","Retroexcavadora",80,27,"27"
25,"46192","México-Toluca","1. Solicitud","Petrolizadora",50,27,"27"
25,"","Bacheo Toluca","1. Solicitud","Retroexcavadora",60,27,"27"
25,"","Bacheo Toluca","1. Solicitud","Retroexcavadora",50,27,"27"
26,"46195","Lerma - Tres Marías","1. Solicitud","PERFILADORA RODATEC RX600E",240,27,"27"
26,"46195","Lerma - Tres Marías","1. Solicitud","BARREDORA LAYMOR SM400",20,27,"27"
26,"46195","Lerma - Tres Marías","1. Solicitud","RETROEXCAVADORA JHONDEREE 310 K",30,27,"27"
26,"46195","Lerma - Tres Marías","1. Solicitud","PAVIMENTADORA VOGELE 1800-3 I",80,27,"27"
26,"46195","Lerma - Tres Marías","1. Solicitud","DOBLE RODILLO RAD ROLLER FILY-325 PRO",40,27,"27"
26,"46195","Lerma - Tres Marías","1. Solicitud","NEUMATICO / COMPACTADOR DE NEUMATICOS DINAPAC CP271",24,27,"27"
26,"46195","Lerma - Tres Marías","1. Solicitud","IMPACTO FORD 4300",60,27,"27"
26,"46195","Lerma - Tres Marías","1. Solicitud","COMPRESOR SULLIVAN PALATEK D2010",24,27,"27"
26,"46195","Lerma - Tres Marías","1. Solicitud","PETROLIZADORA INTERNATIONAL",60,27,"27"
26,"46196","Lerma - Tres Marías","1. Solicitud","PERFILADORA RODATEC RX600E",240,27,"27"
26,"46196","Lerma - Tres Marías","1. Solicitud","BARREDORA LAYMOR SM400",20,27,"27"
26,"46196","Lerma - Tres Marías","1. Solicitud","RETROEXCAVADORA JHONDEREE 310 K",30,27,"27"
26,"46196","Lerma - Tres Marías","1. Solicitud","PAVIMENTADORA VOGELE 1800-3 I",80,27,"27"
26,"46196","Lerma - Tres Marías","1. Solicitud","DOBLE RODILLO RAD ROLLER FILY-325 PRO",40,27,"27"
26,"46196","Lerma - Tres Marías","1. Solicitud","NEUMATICO / COMPACTADOR DE NEUMATICOS DINAPAC CP271",24,27,"27"
26,"46196","Lerma - Tres Marías","1. Solicitud","IMPACTO FORD 4300",60,27,"27"
26,"46196","Lerma - Tres Marías","1. Solicitud","COMPRESOR SULLIVAN PALATEK D2010",24,27,"27"
26,"46196","Lerma - Tres Marías","1. Solicitud","PETROLIZADORA INTERNATIONAL",60,27,"27"
26,"46197","Lerma - Tres Marías","1. Solicitud","PERFILADORA RODATEC RX600E",240,27,"27"
26,"46197","Lerma - Tres Marías","1. Solicitud","BARREDORA LAYMOR SM400",20,27,"27"
26,"46197","Lerma - Tres Marías","1. Solicitud","RETROEXCAVADORA JHONDEREE 310 K",30,27,"27"
26,"46197","Lerma - Tres Marías","1. Solicitud","PAVIMENTADORA VOGELE 1800-3 I",80,27,"27"
26,"46197","Lerma - Tres Marías","1. Solicitud","DOBLE RODILLO RAD ROLLER FILY-325 PRO",40,27,"27"
26,"46197","Lerma - Tres Marías","1. Solicitud","NEUMATICO / COMPACTADOR DE NEUMATICOS DINAPAC CP271",24,27,"27"
26,"46197","Lerma - Tres Marías","1. Solicitud","IMPACTO FORD 4300",60,27,"27"
26,"46197","Lerma - Tres Marías","1. Solicitud","COMPRESOR SULLIVAN PALATEK D2010",24,27,"27"
26,"46197","Lerma - Tres Marías","1. Solicitud","PETROLIZADORA INTERNATIONAL",60,27,"27"
26,"46198","Lerma - Tres Marías","1. Solicitud","PERFILADORA RODATEC RX600E",240,27,"27"
26,"46198","Lerma - Tres Marías","1. Solicitud","BARREDORA LAYMOR SM400",20,27,"27"
26,"46198","Lerma - Tres Marías","1. Solicitud","RETROEXCAVADORA JHONDEREE 310 K",30,27,"27"
26,"46198","Lerma - Tres Marías","1. Solicitud","PAVIMENTADORA VOGELE 1800-3 I",80,27,"27"
26,"46198","Lerma - Tres Marías","1. Solicitud","DOBLE RODILLO RAD ROLLER FILY-325 PRO",40,27,"27"
26,"46198","Lerma - Tres Marías","1. Solicitud","NEUMATICO / COMPACTADOR DE NEUMATICOS DINAPAC CP271",24,27,"27"
26,"46198","Lerma - Tres Marías","1. Solicitud","IMPACTO FORD 4300",60,27,"27"
26,"46198","Lerma - Tres Marías","1. Solicitud","COMPRESOR SULLIVAN PALATEK D2010",24,27,"27"
26,"46198","Lerma - Tres Marías","1. Solicitud","PETROLIZADORA INTERNATIONAL",60,27,"27"
26,"46199","Lerma - Tres Marías","1. Solicitud","PERFILADORA RODATEC RX600E",240,27,"27"
26,"46199","Lerma - Tres Marías","1. Solicitud","BARREDORA LAYMOR SM400",20,27,"27"
26,"46199","Lerma - Tres Marías","1. Solicitud","RETROEXCAVADORA JHONDEREE 310 K",30,27,"27"
26,"46199","Lerma - Tres Marías","1. Solicitud","PAVIMENTADORA VOGELE 1800-3 I",80,27,"27"
26,"46199","Lerma - Tres Marías","1. Solicitud","DOBLE RODILLO RAD ROLLER FILY-325 PRO",40,27,"27"
26,"46199","Lerma - Tres Marías","1. Solicitud","NEUMATICO / COMPACTADOR DE NEUMATICOS DINAPAC CP271",24,27,"27"
26,"46199","Lerma - Tres Marías","1. Solicitud","IMPACTO FORD 4300",60,27,"27"
26,"46199","Lerma - Tres Marías","1. Solicitud","COMPRESOR SULLIVAN PALATEK D2010",24,27,"27"
26,"46199","Lerma - Tres Marías","1. Solicitud","PETROLIZADORA INTERNATIONAL",60,27,"27"
26,"46195","Planta Asflato Huixquilucan","1. Solicitud","GENERADOR",300,27,"27"
26,"46195","Planta Asflato Huixquilucan","1. Solicitud","RETROEXCAVADORA CASE 580 N",100,27,"27"
26,"46195","Planta Asflato Huixquilucan","1. Solicitud","MAXILIGHT",100,27,"27"
26,"46195","Planta Asflato Huixquilucan","1. Solicitud","CRIBA ROJA",100,27,"27"
26,"46196","Planta Asflato Huixquilucan","1. Solicitud","GENERADOR",300,27,"27"
26,"46196","Planta Asflato Huixquilucan","1. Solicitud","RETROEXCAVADORA CASE 580 N",100,27,"27"
26,"46197","Planta Asflato Huixquilucan","1. Solicitud","GENERADOR",300,27,"27"
26,"46197","Planta Asflato Huixquilucan","1. Solicitud","RETROEXCAVADORA CASE 580 N",100,27,"27"
26,"46197","Planta Asflato Huixquilucan","1. Solicitud","CRIBA ROJA",100,27,"27"
26,"46198","Planta Asflato Huixquilucan","1. Solicitud","GENERADOR",300,27,"27"
26,"46198","Planta Asflato Huixquilucan","1. Solicitud","RETROEXCAVADORA CASE 580 N",100,27,"27"
26,"46198","Planta Asflato Huixquilucan","1. Solicitud","MAXILIGHT",100,27,"27"
26,"46199","Planta Asflato Huixquilucan","1. Solicitud","GENERADOR",300,27,"27"
26,"46199","Planta Asflato Huixquilucan","1. Solicitud","RETROEXCAVADORA CASE 580 N",100,27,"27"
26,"46199","Planta Asflato Huixquilucan","1. Solicitud","CRIBA ROJA",100,27,"27"
26,"46200","Planta Asflato Huixquilucan","1. Solicitud","RETROEXCAVADORA CASE 580 N",100,27,"27"
26,"46195","México-Toluca","1. Solicitud","PERFILADORA RODATEC RX600E",250,27,"27"
26,"46195","México-Toluca","1. Solicitud","PAVIMENTADORA VOGELE 1800-3 I",120,27,"27"
26,"46195","México-Toluca","1. Solicitud","TANDEM DOBLE RODILLO / VIBROCOMPACTOR RODILLO CAT CB54",50,27,"27"
26,"46195","México-Toluca","1. Solicitud","TANDEM DOBLE RODILLO / VIBROCOMPACTOR RODILLO CAT CB54",50,27,"27"
26,"46195","México-Toluca","1. Solicitud","NEUMATICO VOLVO PT-240R",50,27,"27"
26,"46195","México-Toluca","1. Solicitud","BARREDORA BROCE BROOM KR350",30,27,"27"
26,"46195","México-Toluca","1. Solicitud","RETROEXCAVADORA JHONDEREE 310 K",60,27,"27"
26,"46195","México-Toluca","1. Solicitud","PETROLIZADORA INTERNATIONAL",50,27,"27"
26,"46196","México-Toluca","1. Solicitud","PAVIMENTADORA VOGELE 1800-3 I",120,27,"27"
26,"46196","México-Toluca","1. Solicitud","TANDEM DOBLE RODILLO / VIBROCOMPACTOR RODILLO CAT CB54",40,27,"27"
26,"46196","México-Toluca","1. Solicitud","TANDEM DOBLE RODILLO / VIBROCOMPACTOR RODILLO CAT CB54",40,27,"27"
26,"46196","México-Toluca","1. Solicitud","NEUMATICO VOLVO PT-240R",50,27,"27"
26,"46196","México-Toluca","1. Solicitud","BARREDORA BROCE BROOM KR350",30,27,"27"
26,"46196","México-Toluca","1. Solicitud","RETROEXCAVADORA JHONDEREE 310 K",50,27,"27"
26,"46196","México-Toluca","1. Solicitud","PETROLIZADORA INTERNATIONAL",50,27,"27"
26,"46197","México-Toluca","1. Solicitud","PERFILADORA RODATEC RX600E",250,27,"27"
26,"46197","México-Toluca","1. Solicitud","PAVIMENTADORA VOGELE 1800-3 I",120,27,"27"
26,"46197","México-Toluca","1. Solicitud","TANDEM DOBLE RODILLO / VIBROCOMPACTOR RODILLO CAT CB54",40,27,"27"
26,"46197","México-Toluca","1. Solicitud","TANDEM DOBLE RODILLO / VIBROCOMPACTOR RODILLO CAT CB54",40,27,"27"
26,"46197","México-Toluca","1. Solicitud","NEUMATICO VOLVO PT-240R",50,27,"27"
26,"46197","México-Toluca","1. Solicitud","BARREDORA BROCE BROOM KR350",20,27,"27"
26,"46197","México-Toluca","1. Solicitud","RETROEXCAVADORA JHONDEREE 310 K",50,27,"27"
26,"46197","México-Toluca","1. Solicitud","PETROLIZADORA INTERNATIONAL",50,27,"27"
26,"46198","México-Toluca","1. Solicitud","PERFILADORA RODATEC RX600E",250,27,"27"
26,"46198","México-Toluca","1. Solicitud","PAVIMENTADORA VOGELE 1800-3 I",120,27,"27"
26,"46198","México-Toluca","1. Solicitud","TANDEM DOBLE RODILLO / VIBROCOMPACTOR RODILLO CAT CB54",40,27,"27"
26,"46198","México-Toluca","1. Solicitud","TANDEM DOBLE RODILLO / VIBROCOMPACTOR RODILLO CAT CB54",40,27,"27"
26,"46198","México-Toluca","1. Solicitud","NEUMATICO VOLVO PT-240R",50,27,"27"
26,"46198","México-Toluca","1. Solicitud","BARREDORA BROCE BROOM KR350",20,27,"27"
26,"46198","México-Toluca","1. Solicitud","RETROEXCAVADORA JHONDEREE 310 K",50,27,"27"
26,"46198","México-Toluca","1. Solicitud","PETROLIZADORA INTERNATIONAL",50,27,"27"
26,"46199","México-Toluca","1. Solicitud","PERFILADORA RODATEC RX600E",250,27,"27"
26,"46199","México-Toluca","1. Solicitud","PAVIMENTADORA VOGELE 1800-3 I",120,27,"27"
26,"46199","México-Toluca","1. Solicitud","TANDEM DOBLE RODILLO / VIBROCOMPACTOR RODILLO CAT CB54",40,27,"27"
26,"46199","México-Toluca","1. Solicitud","TANDEM DOBLE RODILLO / VIBROCOMPACTOR RODILLO CAT CB54",40,27,"27"
26,"46199","México-Toluca","1. Solicitud","NEUMATICO VOLVO PT-240R",50,27,"27"
26,"46199","México-Toluca","1. Solicitud","BARREDORA BROCE BROOM KR350",20,27,"27"
26,"46199","México-Toluca","1. Solicitud","RETROEXCAVADORA JHONDEREE 310 K",50,27,"27"
26,"46199","México-Toluca","1. Solicitud","PETROLIZADORA INTERNATIONAL",50,27,"27"
26,"46195","Bacheo Toluca","1. Solicitud","RETROEXCAVADORA CASE 580 N",50,27,"27"
26,"46195","Bacheo Toluca","1. Solicitud","RETROEXCAVADORA CASE 580 N",50,27,"27"
26,"46195","Bacheo Toluca","1. Solicitud","HOMBRE A BORDO",10,27,"27"
26,"46195","Bacheo Toluca","1. Solicitud","LIMPIEZA",8,27,"27"
26,"46196","Bacheo Toluca","1. Solicitud","RETROEXCAVADORA CASE 580 N",50,27,"27"
26,"46196","Bacheo Toluca","1. Solicitud","RETROEXCAVADORA CASE 580 N",40,27,"27"
26,"46196","Bacheo Toluca","1. Solicitud","HOMBRE A BORDO",10,27,"27"
26,"46196","Bacheo Toluca","1. Solicitud","LIMPIEZA",5,27,"27"
26,"46197","Bacheo Toluca","1. Solicitud","RETROEXCAVADORA CASE 580 N",50,27,"27"
26,"46197","Bacheo Toluca","1. Solicitud","RETROEXCAVADORA CASE 580 N",40,27,"27"
26,"46197","Bacheo Toluca","1. Solicitud","HOMBRE A BORDO",10,27,"27"
26,"46197","Bacheo Toluca","1. Solicitud","LIMPIEZA",8,27,"27"
26,"46198","Bacheo Toluca","1. Solicitud","RETROEXCAVADORA CASE 580 N",60,27,"27"
26,"46198","Bacheo Toluca","1. Solicitud","RETROEXCAVADORA CASE 580 N",60,27,"27"
26,"46198","Bacheo Toluca","1. Solicitud","LIMPIEZA",5,27,"27"
26,"46199","Bacheo Toluca","1. Solicitud","RETROEXCAVADORA CASE 580 N",50,27,"27"
26,"46199","Bacheo Toluca","1. Solicitud","RETROEXCAVADORA CASE 580 N",50,27,"27"
26,"46199","Bacheo Toluca","1. Solicitud","HOMBRE A BORDO",10,27,"27"
26,"46199","Bacheo Toluca","1. Solicitud","LIMPIEZA",8,27,"27"
26,"46196","Planta Asfalto Pegaso","1. Solicitud","PAYLODER",300,27,"27"
26,"46197","Planta Asfalto Pegaso","1. Solicitud","CALDERA TECNO",600,27,"27"
26,"46197","Planta Asfalto Pegaso","1. Solicitud","CALDERA TRIASO",400,27,"27"
26,"46198","Planta Asfalto Pegaso","1. Solicitud","PAYLODER",300,27,"27"
26,"46195","Lerma - Tres Marías","1. Solicitud","PIPA DE AGUA (IMPACTO 01) FORD",30,27,"27"
26,"46196","Lerma - Tres Marías","1. Solicitud","PIPA DE AGUA (IMPACTO 01) FORD",30,27,"27"
26,"46197","Lerma - Tres Marías","1. Solicitud","PIPA DE AGUA (IMPACTO 01) FORD",30,27,"27"
26,"46198","Lerma - Tres Marías","1. Solicitud","PIPA DE AGUA (IMPACTO 01) FORD",30,27,"27"
26,"46199","Lerma - Tres Marías","1. Solicitud","PIPA DE AGUA (IMPACTO 01) FORD",30,27,"27"
27,"46202","Planta Asfalto Huixquilucan","1. Solicitud","GENERADOR PLANTA AMMANN",300,27,"23.95"
27,"46202","Planta Asfalto Huixquilucan","1. Solicitud","TORRE DE LUZ MAXILIGHT",100,27,"23.95"
27,"46202","Planta Asfalto Huixquilucan","1. Solicitud","CALDERA",100,27,"23.95"
27,"46202","Planta Asfalto Huixquilucan","1. Solicitud","CARGADOR CASE 821 F",100,27,"23.95"
27,"46203","Planta Asfalto Huixquilucan","1. Solicitud","GENERADOR PLANTA AMMANN",300,27,"23.95"
27,"46203","Planta Asfalto Huixquilucan","1. Solicitud","CRIBA RAP",50,27,"23.95"
27,"46203","Planta Asfalto Huixquilucan","1. Solicitud","CALDERA",100,27,"23.95"
27,"46203","Planta Asfalto Huixquilucan","1. Solicitud","CARGADOR CASE 821 F",100,27,"23.95"
27,"46204","Planta Asfalto Huixquilucan","1. Solicitud","GENERADOR PLANTA AMMANN",300,27,"23.95"
27,"46204","Planta Asfalto Huixquilucan","1. Solicitud","CALDERA",100,27,"23.95"
27,"46204","Planta Asfalto Huixquilucan","1. Solicitud","CARGADOR CASE 821 F",100,27,"23.95"
27,"46205","Planta Asfalto Huixquilucan","1. Solicitud","GENERADOR PLANTA AMMANN",300,27,"23.95"
27,"46205","Planta Asfalto Huixquilucan","1. Solicitud","CRIBA RAP",50,27,"23.95"
27,"46205","Planta Asfalto Huixquilucan","1. Solicitud","TORRE DE LUZ MAXILIGHT",100,27,"23.95"
27,"46205","Planta Asfalto Huixquilucan","1. Solicitud","CALDERA",100,27,"23.95"
27,"46205","Planta Asfalto Huixquilucan","1. Solicitud","CARGADOR CASE 821 F",100,27,"23.95"
27,"46206","Planta Asfalto Huixquilucan","1. Solicitud","GENERADOR PLANTA AMMANN",300,27,"23.95"
27,"46206","Planta Asfalto Huixquilucan","1. Solicitud","CALDERA",100,27,"23.95"
27,"46206","Planta Asfalto Huixquilucan","1. Solicitud","CARGADOR CASE 821 F",100,27,"23.95"
27,"46207","Planta Asfalto Huixquilucan","1. Solicitud","GENERADOR PLANTA AMMANN",100,27,"23.95"
27,"46207","Planta Asfalto Huixquilucan","1. Solicitud","CRIBA RAP",50,27,"23.95"
27,"46207","Planta Asfalto Huixquilucan","1. Solicitud","CALDERA",100,27,"23.95"
27,"46207","Planta Asfalto Huixquilucan","1. Solicitud","CARGADOR CASE 821 F",100,27,"23.95"
27,"46208","Planta Asfalto Huixquilucan","1. Solicitud","GENERADOR PLANTA AMMANN",100,27,"23.95"
27,"46208","Planta Asfalto Huixquilucan","1. Solicitud","CALDERA",100,27,"23.95"
27,"46202","México-Toluca","1. Solicitud","PERFILADORA RODATEC RX600E",250,27,"23.95"
27,"46203","México-Toluca","1. Solicitud","PERFILADORA RODATEC RX600E",200,27,"23.95"
27,"46204","México-Toluca","1. Solicitud","PERFILADORA RODATEC RX600E",250,27,"23.95"
27,"46205","México-Toluca","1. Solicitud","PERFILADORA RODATEC RX600E",200,27,"23.95"
27,"46206","México-Toluca","1. Solicitud","PERFILADORA RODATEC RX600E",250,27,"23.95"
27,"46207","México-Toluca","1. Solicitud","PERFILADORA RODATEC RX600E",150,27,"23.95"
27,"46202","México-Toluca","1. Solicitud","PAVIMENTADORA VOGELE 1800-3 I",120,27,"23.95"
27,"46203","México-Toluca","1. Solicitud","PAVIMENTADORA VOGELE 1800-3 I",120,27,"23.95"
27,"46204","México-Toluca","1. Solicitud","PAVIMENTADORA VOGELE 1800-3 I",120,27,"23.95"
27,"46205","México-Toluca","1. Solicitud","PAVIMENTADORA VOGELE 1800-3 I",120,27,"23.95"
27,"46206","México-Toluca","1. Solicitud","PAVIMENTADORA VOGELE 1800-3 I",100,27,"23.95"
27,"46207","México-Toluca","1. Solicitud","PAVIMENTADORA VOGELE 1800-3 I",80,27,"23.95"
27,"46202","México-Toluca","1. Solicitud","DOBLE RODILLO/VIBROCOMPACTADOR DE RODILLOS HAMM 120HD VV",50,27,"23.95"
27,"46203","México-Toluca","1. Solicitud","DOBLE RODILLO/VIBROCOMPACTADOR DE RODILLOS HAMM 120HD VV",40,27,"23.95"
27,"46204","México-Toluca","1. Solicitud","DOBLE RODILLO/VIBROCOMPACTADOR DE RODILLOS HAMM 120HD VV",40,27,"23.95"
27,"46205","México-Toluca","1. Solicitud","DOBLE RODILLO/VIBROCOMPACTADOR DE RODILLOS HAMM 120HD VV",40,27,"23.95"
27,"46206","México-Toluca","1. Solicitud","DOBLE RODILLO/VIBROCOMPACTADOR DE RODILLOS HAMM 120HD VV",30,27,"23.95"
27,"46207","México-Toluca","1. Solicitud","DOBLE RODILLO/VIBROCOMPACTADOR DE RODILLOS HAMM 120HD VV",30,27,"23.95"
27,"46202","México-Toluca","1. Solicitud","DOBLE RODILLO/VIBROCOMPACTADOR DE RODILLOS HAMM 120HD VV",50,27,"23.95"
27,"46203","México-Toluca","1. Solicitud","DOBLE RODILLO/VIBROCOMPACTADOR DE RODILLOS HAMM 120HD VV",40,27,"23.95"
27,"46204","México-Toluca","1. Solicitud","DOBLE RODILLO/VIBROCOMPACTADOR DE RODILLOS HAMM 120HD VV",40,27,"23.95"
27,"46205","México-Toluca","1. Solicitud","DOBLE RODILLO/VIBROCOMPACTADOR DE RODILLOS HAMM 120HD VV",40,27,"23.95"
27,"46206","México-Toluca","1. Solicitud","DOBLE RODILLO/VIBROCOMPACTADOR DE RODILLOS HAMM 120HD VV",30,27,"23.95"
27,"46207","México-Toluca","1. Solicitud","DOBLE RODILLO/VIBROCOMPACTADOR DE RODILLOS HAMM 120HD VV",30,27,"23.95"
27,"46202","México-Toluca","1. Solicitud","NEUMATICO / COMPACTADOR DE NEUMATICOS DINAPAC CP271",50,27,"23.95"
27,"46203","México-Toluca","1. Solicitud","NEUMATICO / COMPACTADOR DE NEUMATICOS DINAPAC CP271",40,27,"23.95"
27,"46204","México-Toluca","1. Solicitud","NEUMATICO / COMPACTADOR DE NEUMATICOS DINAPAC CP271",40,27,"23.95"
27,"46205","México-Toluca","1. Solicitud","NEUMATICO / COMPACTADOR DE NEUMATICOS DINAPAC CP271",30,27,"23.95"
27,"46206","México-Toluca","1. Solicitud","NEUMATICO / COMPACTADOR DE NEUMATICOS DINAPAC CP271",30,27,"23.95"
27,"46207","México-Toluca","1. Solicitud","NEUMATICO / COMPACTADOR DE NEUMATICOS DINAPAC CP271",30,27,"23.95"
27,"46202","México-Toluca","1. Solicitud","NEUMATICO VOLVO PT-240R",50,27,"23.95"
27,"46203","México-Toluca","1. Solicitud","NEUMATICO VOLVO PT-240R",40,27,"23.95"
27,"46204","México-Toluca","1. Solicitud","NEUMATICO VOLVO PT-240R",40,27,"23.95"
27,"46205","México-Toluca","1. Solicitud","NEUMATICO VOLVO PT-240R",30,27,"23.95"
27,"46206","México-Toluca","1. Solicitud","NEUMATICO VOLVO PT-240R",30,27,"23.95"
27,"46207","México-Toluca","1. Solicitud","NEUMATICO VOLVO PT-240R",30,27,"23.95"
27,"46202","México-Toluca","1. Solicitud","BARREDORA BROCE RJ350",30,27,"23.95"
27,"46203","México-Toluca","1. Solicitud","BARREDORA BROCE RJ350",30,27,"23.95"
27,"46204","México-Toluca","1. Solicitud","BARREDORA BROCE RJ350",30,27,"23.95"
27,"46205","México-Toluca","1. Solicitud","BARREDORA BROCE RJ350",20,27,"23.95"
27,"46206","México-Toluca","1. Solicitud","BARREDORA BROCE RJ350",20,27,"23.95"
27,"46207","México-Toluca","1. Solicitud","BARREDORA BROCE RJ350",20,27,"23.95"
27,"46202","México-Toluca","1. Solicitud","RETROEXCAVADORA JHONDEREE 310 K",60,27,"23.95"
27,"46203","México-Toluca","1. Solicitud","RETROEXCAVADORA JHONDEREE 310 K",50,27,"23.95"
27,"46204","México-Toluca","1. Solicitud","RETROEXCAVADORA JHONDEREE 310 K",50,27,"23.95"
27,"46205","México-Toluca","1. Solicitud","RETROEXCAVADORA JHONDEREE 310 K",50,27,"23.95"
27,"46206","México-Toluca","1. Solicitud","RETROEXCAVADORA JHONDEREE 310 K",50,27,"23.95"
27,"46207","México-Toluca","1. Solicitud","RETROEXCAVADORA JHONDEREE 310 K",40,27,"23.95"
27,"46202","México-Toluca","1. Solicitud","PETROLIZADORA INTERNATIONAL",50,27,"23.95"
27,"46203","México-Toluca","1. Solicitud","PETROLIZADORA INTERNATIONAL",50,27,"23.95"
27,"46204","México-Toluca","1. Solicitud","PETROLIZADORA INTERNATIONAL",50,27,"23.95"
27,"46205","México-Toluca","1. Solicitud","PETROLIZADORA INTERNATIONAL",50,27,"23.95"
27,"46206","México-Toluca","1. Solicitud","PETROLIZADORA INTERNATIONAL",50,27,"23.95"
27,"46202","Bacheo Toluca","1. Solicitud","RETROEXCAVADORA CASE 580 N",100,27,"23.95"
27,"46203","Bacheo Toluca","1. Solicitud","RETROEXCAVADORA CASE 580 N",30,27,"23.95"
27,"46204","Bacheo Toluca","1. Solicitud","RETROEXCAVADORA CASE 580 N",30,27,"23.95"
27,"46205","Bacheo Toluca","1. Solicitud","RETROEXCAVADORA CASE 580 N",60,27,"23.95"
27,"46206","Bacheo Toluca","1. Solicitud","RETROEXCAVADORA CASE 580 N",50,27,"23.95"
27,"46203","Bacheo Toluca","1. Solicitud","RETROEXCAVADORA CASE 580 N",50,27,"23.95"
27,"46204","Bacheo Toluca","1. Solicitud","RETROEXCAVADORA CASE 580 N",50,27,"23.95"
27,"46205","Bacheo Toluca","1. Solicitud","RETROEXCAVADORA CASE 580 N",60,27,"23.95"
27,"46206","Bacheo Toluca","1. Solicitud","RETROEXCAVADORA CASE 580 N",50,27,"23.95"
27,"46207","Bacheo Toluca","1. Solicitud","RETROEXCAVADORA CASE 580 N",100,27,"23.95"
27,"46203","Bacheo Toluca","1. Solicitud","HOMBRE A BORDO",10,27,"23.95"
27,"46204","Bacheo Toluca","1. Solicitud","HOMBRE A BORDO",10,27,"23.95"
27,"46205","Bacheo Toluca","1. Solicitud","HOMBRE A BORDO",5,27,"23.95"
27,"46206","Bacheo Toluca","1. Solicitud","HOMBRE A BORDO",10,27,"23.95"
27,"46202","Bacheo Toluca","1. Solicitud","BIDONES",5,27,"23.95"
27,"46203","Bacheo Toluca","1. Solicitud","BIDONES",5,27,"23.95"
27,"46204","Bacheo Toluca","1. Solicitud","BIDONES",5,27,"23.95"
27,"46205","Bacheo Toluca","1. Solicitud","BIDONES",5,27,"23.95"
27,"46206","Bacheo Toluca","1. Solicitud","BIDONES",5,27,"23.95"
27,"46203","Bacheo Toluca","1. Solicitud","MOTOCONFORMADORA CAT 120H",100,27,"23.95"
27,"46204","Bacheo Toluca","1. Solicitud","MOTOCONFORMADORA CAT 120H",70,27,"23.95"
27,"46205","Bacheo Toluca","1. Solicitud","MOTOCONFORMADORA CAT 120H",100,27,"23.95"
27,"46206","Bacheo Toluca","1. Solicitud","MOTOCONFORMADORA CAT 120H",100,27,"23.95"
27,"46207","Bacheo Toluca","1. Solicitud","MOTOCONFORMADORA CAT 120H",100,27,"23.95"
27,"46204","Bacheo Toluca","1. Solicitud","VIBROCOMPACTADOR CATERPILLAR CB66B",70,27,"23.95"
27,"46206","Bacheo Toluca","1. Solicitud","VIBROCOMPACTADOR CATERPILLAR CB66B",70,27,"23.95"
24,"46181","México-Toluca","2. Consumo Real","Neuomatico",30,27,""
24,"46181","México-Toluca","2. Consumo Real","Compactador",32,27,""
24,"46181","México-Toluca","2. Consumo Real","Perfiladora",277,27,""
24,"46181","México-Toluca","2. Consumo Real","Retroexcavadora",30,27,""
24,"46181","Lerma - Tres Marías","2. Consumo Real","Vogel",97,27,""
24,"46181","Chamapa-Lechería","2. Consumo Real","Perfiladora Wirgent",198,27,""
24,"46181","Chamapa-Lechería","2. Consumo Real","Maxilihgs",10,27,""
24,"46181","Chamapa-Lechería","2. Consumo Real","Neuomatico Dynapac",27,27,""
24,"46181","Chamapa-Lechería","2. Consumo Real","Compresor",30,27,""
24,"46181","Chamapa-Lechería","2. Consumo Real","Retroexcavadora Jonh Deere",40,27,""
24,"46181","Chamapa-Lechería","2. Consumo Real","Vogele Guion",120,27,""
24,"46181","Chamapa-Lechería","2. Consumo Real","Petrolizadora Elton",30,27,""
24,"46181","Bacheo Toluca","2. Consumo Real","Bidones",100,27,""
24,"46181","Maquinaria Pegaso","2. Consumo Real","Bidones",200,27,""
24,"46181","Maquinaria Pegaso","2. Consumo Real","Bidones",209,27,""
24,"46182","Chamapa-Lechería","2. Consumo Real","Barredora Broce",30,27,""
24,"46182","Chamapa-Lechería","2. Consumo Real","Buggy Trasnfer",100,27,""
24,"46182","Chamapa-Lechería","2. Consumo Real","Tandem Hamm",30,27,""
24,"46182","Chamapa-Lechería","2. Consumo Real","Perfiladora Wirgent",150,27,""
24,"46182","Chamapa-Lechería","2. Consumo Real","Petrolizadora Elton",50,27,""
24,"46182","Chamapa-Lechería","2. Consumo Real","Vogele Guion",136,27,""
24,"46182","Chamapa-Lechería","2. Consumo Real","Tandem Hamm",30,27,""
24,"46182","Chamapa-Lechería","2. Consumo Real","Neuomatico",30,27,""
24,"46182","Chamapa-Lechería","2. Consumo Real","Buggy Trasnfer",100,27,""
24,"46182","Chamapa-Lechería","2. Consumo Real","Retroexcavadora Jonh Deere",60,27,""
24,"46182","Chamapa-Lechería","2. Consumo Real","Compresor",20,27,""
24,"46182","Lerma - Tres Marías","2. Consumo Real","Retroexcavadora",70,27,""
24,"46182","Lerma - Tres Marías","2. Consumo Real","Doble Rodillo",50,27,""
24,"46182","Lerma - Tres Marías","2. Consumo Real","Petrolizadora",60,27,""
24,"46183","México-Toluca","2. Consumo Real","Barredora",20,27,""
24,"46183","México-Toluca","2. Consumo Real","Perfiladora",250,27,""
24,"46183","México-Toluca","2. Consumo Real","Retroexcavadora",30,27,""
24,"46183","Bacheo Toluca","2. Consumo Real","Bidones",100,27,""
24,"46184","México-Toluca","2. Consumo Real","Compactador",30,27,""
24,"46184","México-Toluca","2. Consumo Real","Neuomatico",30,27,""
24,"46184","México-Toluca","2. Consumo Real","Vogel",136,27,""
24,"46184","México-Toluca","2. Consumo Real","Barredora",20,27,""
24,"46184","México-Toluca","2. Consumo Real","Retroexcavadora",20,27,""
24,"46184","México-Toluca","2. Consumo Real","Maxilihgs",20,27,""
24,"46184","Maquinaria Pegaso","2. Consumo Real","PayLoder",238,27,""
24,"46184","Lerma - Tres Marías","2. Consumo Real","Petrolizadora",80,27,""
24,"46184","Lerma - Tres Marías","2. Consumo Real","Compresor",50,27,""
24,"46184","Lerma - Tres Marías","2. Consumo Real","Retroexcavadora",70,27,""
24,"46184","Lerma - Tres Marías","2. Consumo Real","Camion de Impacto",80,27,""
24,"46184","Lerma - Tres Marías","2. Consumo Real","Vogel",185,27,""
24,"46184","Lerma - Tres Marías","2. Consumo Real","Doble Rodillo",50,27,""
24,"46184","Lerma - Tres Marías","2. Consumo Real","Doble Rodillo",40,27,""
24,"46184","Lerma - Tres Marías","2. Consumo Real","Neuomatico",40,27,""
24,"46185","Chamapa-Lechería","2. Consumo Real","Tandem Hamm",32,27,""
24,"46185","Chamapa-Lechería","2. Consumo Real","Neuomatico Dynapac",30,27,""
24,"46185","Chamapa-Lechería","2. Consumo Real","Barredora Broce",30,27,""
24,"46185","Chamapa-Lechería","2. Consumo Real","Retroexcavadora Jonh Deere",50,27,""
24,"46185","Chamapa-Lechería","2. Consumo Real","Vogele Guion",120,27,""
24,"46185","Chamapa-Lechería","2. Consumo Real","Petrolizadora Elton",40,27,""
24,"46185","Chamapa-Lechería","2. Consumo Real","Perfiladora Wirgent",200,27,""
24,"46185","México-Toluca","2. Consumo Real","Barredora",20,27,""
24,"46185","México-Toluca","2. Consumo Real","Neuomatico",30,27,""
24,"46185","México-Toluca","2. Consumo Real","Maxilihgs",20,27,""
24,"46185","México-Toluca","2. Consumo Real","Compactador",40,27,""
24,"46185","México-Toluca","2. Consumo Real","Perfiladora",250,27,""
25,"46188","México-Toluca","2. Consumo Real","PERFILADORA WIRGENT-W200i",200,27,""
25,"46188","México-Toluca","2. Consumo Real","RETROEXCAVADORA JHONDEREE 310SK",40,27,""
25,"46188","México-Toluca","2. Consumo Real","TANDEM DOBLE RODILLO / VIBROCOMPACTOR RODILLO CAT CB54",30,27,""
25,"46188","México-Toluca","2. Consumo Real","NEUMATICO VOLVO PT-240R",50,27,""
25,"46188","Lerma - Tres Marías","2. Consumo Real","PAVIMENTADORA  VOGELE 1800-3 i",73,27,""
25,"46188","México-Toluca","2. Consumo Real","PAVIMENTADORA  VOGELE SJ 1800-3",99,27,""
25,"46188","México-Toluca","2. Consumo Real","PETROLIZADORA    INTERNATIONAL",50,27,""
25,"46188","Bacheo Toluca","2. Consumo Real","Bidones",70,27,""
25,"46188","Lerma - Tres Marías","2. Consumo Real","TANDEM DOBLE RODILLO / VIBROCOMPACTOR RODILLO CAT CB54",24,27,""
25,"46188","Maquinaria Pegaso","2. Consumo Real","PayLoder",265,27,""
25,"46188","Bacheo Toluca","2. Consumo Real","DOBLE RODILLO/VIBROCOMPACTADOR DE RODILLOS HAMM 140HD",33,27,""
25,"46188","Lerma - Tres Marías","2. Consumo Real","PETROLIZADORA    INTERNATIONAL",60,27,""
25,"46188","Lerma - Tres Marías","2. Consumo Real","BARREDORA LAYMOR SM400",52,27,""
25,"46188","Lerma - Tres Marías","2. Consumo Real","Limpieza",25,27,""
25,"46188","Lerma - Tres Marías","2. Consumo Real","RETROEXCAVADORA JHONDEREE 310SK",55,27,""
25,"46188","Bacheo Toluca","2. Consumo Real","PERFILADORA RODATEC RX600E",200,27,""
25,"46188","Planta Asflato Huixquilucan","2. Consumo Real","GENERADOR",300,27,""
25,"46188","Planta Asflato Huixquilucan","2. Consumo Real","PAYLODER",100,27,""
25,"46188","Planta Asflato Huixquilucan","2. Consumo Real","GENERADOR AMMANN",400,27,""
25,"46189","México-Toluca","2. Consumo Real","PERFILADORA WIRGENT-W200i",200,27,""
25,"46189","México-Toluca","2. Consumo Real","TANDEM DOBLE RODILLO / VIBROCOMPACTOR RODILLO CAT CB54",32,27,""
25,"46189","México-Toluca","2. Consumo Real","NEUMATICO VOLVO PT-240R",30,27,""
25,"46189","México-Toluca","2. Consumo Real","BARREDORA BROCE RJ350",30,27,""
25,"46189","México-Toluca","2. Consumo Real","PAVIMENTADORA  VOGELE SJ 1800-3",107,27,""
25,"46189","México-Toluca","2. Consumo Real","RETROEXCAVADORA JHONDEREE 310SK",40,27,""
25,"46189","México-Toluca","2. Consumo Real","PETROLIZADORA    INTERNATIONAL",50,27,""
25,"46189","Lerma - Tres Marías","2. Consumo Real","PIPA DE AGUA (IMPACTO 01) FORD",50,27,""
25,"46189","Maquinaria Pegaso","2. Consumo Real","PETROLIZADORA    INTERNATIONAL",50,27,""
25,"46189","Maquinaria Pegaso","2. Consumo Real","Bidones",1001,27,""
25,"46189","Lerma - Tres Marías","2. Consumo Real","PERFILADORA RODATEC RX600-4-4008",350,27,""
25,"46189","Bacheo Toluca","2. Consumo Real","PERFILADORA RODATEC RX600-4-4008",200,27,""
25,"46189","Lerma - Tres Marías","2. Consumo Real","PIPA DE AGUA (IMPACTO 01) FORD",50,27,""
25,"46189","Lerma - Tres Marías","2. Consumo Real","PAVIMENTADORA  VOGELE 1800-3 i",165,27,""
25,"46190","México-Toluca","2. Consumo Real","PERFILADORA WIRGENT-W200i",200,27,""
25,"46190","México-Toluca","2. Consumo Real","PAVIMENTADORA  VOGELE SJ 1800-3",120,27,""
25,"46190","México-Toluca","2. Consumo Real","TANDEM DOBLE RODILLO / VIBROCOMPACTOR RODILLO CAT CB54",30,27,""
25,"46190","México-Toluca","2. Consumo Real","NEUMATICO VOLVO PT-240R",30,27,""
25,"46190","México-Toluca","2. Consumo Real","BARREDORA BROCE RJ350",28,27,""
25,"46190","México-Toluca","2. Consumo Real","RETROEXCAVADORA JHONDEREE 310SK",60,27,""
25,"46190","Lerma - Tres Marías","2. Consumo Real","IMPACTO FORD 4300",80,27,""
25,"46190","Bacheo Toluca","2. Consumo Real","TANDEM DOBLE RODILLO / VIBROCOMPACTOR RODILLO CAT CB54",20,27,""
25,"46190","Planta Asflato Huixquilucan","2. Consumo Real","GENERADOR",100,27,""
25,"46190","Planta Asflato Huixquilucan","2. Consumo Real","GENERADOR AMMANN",200,27,""
25,"46191","México-Toluca","2. Consumo Real","PERFILADORA WIRGENT-W200i",200,27,""
25,"46191","México-Toluca","2. Consumo Real","PAVIMENTADORA  VOGELE SJ 1800-3",115,27,""
25,"46191","México-Toluca","2. Consumo Real","NEUMATICO VOLVO PT-240R",30,27,""
25,"46191","México-Toluca","2. Consumo Real","TANDEM DOBLE RODILLO / VIBROCOMPACTOR RODILLO CAT CB54",30,27,""
25,"46191","México-Toluca","2. Consumo Real","RETROEXCAVADORA JHONDEREE 310SK",30,27,""
25,"46191","México-Toluca","2. Consumo Real","PETROLIZADORA    INTERNATIONAL",50,27,""
25,"46191","Planta Asflato Huixquilucan","2. Consumo Real","GENERADOR",200,27,""
25,"46191","Planta Asflato Huixquilucan","2. Consumo Real","MAXILIGHT",100,27,""
25,"46191","Planta Asflato Huixquilucan","2. Consumo Real","CRIBA ROJA",100,27,""
25,"46191","Planta Asflato Huixquilucan","2. Consumo Real","PAYLODER",100,27,""
25,"46192","Lerma - Tres Marías","2. Consumo Real","PETROLIZADORA    INTERNATIONAL",40,27,""
25,"46192","Dragones","2. Consumo Real","PETROLIZADORA    INTERNATIONAL",40,27,""
25,"46192","Lerma - Tres Marías","2. Consumo Real","BARREDORA LAYMOR SM400",43,27,""
25,"46192","Lerma - Tres Marías","2. Consumo Real","TANDEM DOBLE RODILLO / VIBROCOMPACTOR RODILLO CAT CB54",50,27,""
25,"46192","Lerma - Tres Marías","2. Consumo Real","RETROEXCAVADORA JHONDEREE 310SK",80,27,""
25,"46192","Lerma - Tres Marías","2. Consumo Real","NEUMATICO / COMPACTADOR DE NEUMATICOS DINAPAC CP271",30,27,""
25,"46192","Lerma - Tres Marías","2. Consumo Real","PAVIMENTADORA  VOGELE 1800-3 i",160,27,""
25,"46192","Lerma - Tres Marías","2. Consumo Real","PIPA DE AGUA (IMPACTO 01) FORD",50,27,""
25,"46192","Bacheo Toluca","2. Consumo Real","RETROEXCAVADORA CASE 580 N",60,27,""
25,"46192","México-Toluca","2. Consumo Real","PAVIMENTADORA  VOGELE SJ 1800-3",120,27,""
25,"46192","México-Toluca","2. Consumo Real","TANDEM DOBLE RODILLO / VIBROCOMPACTOR RODILLO CAT CB54",30,27,""
25,"46192","México-Toluca","2. Consumo Real","NEUMATICO VOLVO PT-240R",84,27,""
25,"46192","México-Toluca","2. Consumo Real","RETROEXCAVADORA JHONDEREE 310SK",40,27,""
25,"46192","México-Toluca","2. Consumo Real","BARREDORA BROCE RJ350",30,27,""
25,"46192","Bacheo Toluca","2. Consumo Real","RETROEXCAVADORA CASE 580 N",50,27,""
25,"46192","Bacheo Toluca","2. Consumo Real","HOMBRE A BORDO",10,27,""
26,"46195","México-Toluca","2. Consumo Real","PAVIMENTADORA VOGELE 1800-3 I",106,27,""
26,"46195","México-Toluca","2. Consumo Real","NEUMATICO VOLVO PT-240R",50,27,""
26,"46195","México-Toluca","2. Consumo Real","DOBLE RODILLO/VIBROCOMPACTADOR DE RODILLOS HAMM 120HD VV",50,27,""
26,"46195","México-Toluca","2. Consumo Real","RETROEXCAVADORA JHONDEREE 310 K",60,27,""
26,"46195","México-Toluca","2. Consumo Real","PERFILADORA RODATEC RX600-4-4008",250,27,""
26,"46195","Lerma - Tres Marías","2. Consumo Real","PETROLIZADORA INTERNATIONAL",40,27,""
26,"46195","Dragones","2. Consumo Real","PETROLIZADORA INTERNATIONAL",40,27,""
26,"46195","Bacheo Toluca","2. Consumo Real","BIDONES",110,27,""
26,"46195","Lerma - Tres Marías","2. Consumo Real","VIBROCOMPACTADOR CATERPILLAR CB66B",50,27,""
26,"46195","México-Toluca","2. Consumo Real","PERFILADORA RODATEC RX600E",250,27,""
26,"46195","Lerma - Tres Marías","2. Consumo Real","NEUMATICO / COMPACTADOR DE NEUMATICOS DINAPAC CP271",50,27,""
26,"46195","Lerma - Tres Marías","2. Consumo Real","PAVIMENTADORA VOGELE SJ 1800-3",162,27,""
26,"46195","Lerma - Tres Marías","2. Consumo Real","PIPA DE AGUA (IMPACTO 01) FORD",50,27,""
26,"46195","Lerma - Tres Marías","2. Consumo Real","NEUMATICO / COMPACTADOR DE NEUMATICOS DINAPAC CP271",50,27,""
26,"46196","Maquinaria Pegaso","2. Consumo Real","PAYLODER",275,27,""
26,"46196","Maquinaria Pegaso","2. Consumo Real","LIMPIEZA",20,27,""
26,"46196","Bacheo Toluca","2. Consumo Real","BIDONES",110,27,""
26,"46196","Maquinaria Pegaso","2. Consumo Real","PAVIMENTADORA VOGELE 1800-2 SJ",100,27,""
26,"46196","Lerma - Tres Marías","2. Consumo Real","RETROEXCAVADORA JHONDEREE 310 K",50,27,""
26,"46196","Bacheo Toluca","2. Consumo Real","PERFILADORA RODATEC RX600E",96,27,""
26,"46196","México-Toluca","2. Consumo Real","PAVIMENTADORA  VOGELE SJ 1800-3",21,27,""
26,"46196","México-Toluca","2. Consumo Real","RETROEXCAVADORA JHONDEREE 310SK",50,27,""
26,"46196","México-Toluca","2. Consumo Real","BARREDORA BROCE RJ350",31,27,""
26,"46196","Planta Asflato Huixquilucan","2. Consumo Real","GENERADOR AMMANN",100,27,""
26,"46196","Planta Asflato Huixquilucan","2. Consumo Real","MAXILIGHT",50,27,""
26,"46197","México-Toluca","2. Consumo Real","TANDEM DOBLE RODILLO / VIBROCOMPACTOR RODILLO CAT CB54",35,27,""
26,"46197","México-Toluca","2. Consumo Real","PAVIMENTADORA VOGELE SJ 1800-3",76,27,""
26,"46197","México-Toluca","2. Consumo Real","TANDEM DOBLE RODILLO / VIBROCOMPACTOR RODILLO CAT CB54",40,27,""
26,"46197","México-Toluca","2. Consumo Real","RETROEXCAVADORA JHONDEREE 310SK",40,27,""
26,"46197","México-Toluca","2. Consumo Real","PERFILADORA RODATEC RX600-4-4008",200,27,""
26,"46197","Bacheo Toluca","2. Consumo Real","BIDONES",120,27,""
26,"46197","México-Toluca","2. Consumo Real","NEUMATICO VOLVO PT-240R",50,27,""
26,"46197","México-Toluca","2. Consumo Real","NEUMATICO / COMPACTADOR DE NEUMATICOS DINAPAC CP271",30,27,""
26,"46197","Lerma - Tres Marías","2. Consumo Real","IMPACTO FORD 4300",129,27,""
26,"46197","Lerma - Tres Marías","2. Consumo Real","COMPRESOR  SULLIVAN PALATEK D2010",88,27,""
26,"46197","Lerma - Tres Marías","2. Consumo Real","PIPA DE AGUA (IMPACTO 01) FORD",90,27,""
26,"46197","Lerma - Tres Marías","2. Consumo Real","PETROLIZADORA    INTERNATIONAL",62,27,""
26,"46197","Dragones","2. Consumo Real","PETROLIZADORA    INTERNATIONAL",62,27,""
26,"46198","México-Toluca","2. Consumo Real","BARREDORA BROCE RJ350",26,27,""
26,"46198","México-Toluca","2. Consumo Real","PETROLIZADORA    INTERNATIONAL",50,27,""
26,"46198","México-Toluca","2. Consumo Real","TANDEM DOBLE RODILLO / VIBROCOMPACTOR RODILLO CAT CB54",30,27,""
26,"46198","México-Toluca","2. Consumo Real","NEUMATICO / COMPACTADOR DE NEUMATICOS DINAPAC CP271",14,27,""
26,"46198","México-Toluca","2. Consumo Real","NEUMATICO VOLVO PT-240R",30,27,""
26,"46198","Bacheo Toluca","2. Consumo Real","BIDONES",120,27,""
26,"46198","Maquinaria Pegaso","2. Consumo Real","PETROLIZADORA    INTERNATIONAL",160,27,""
26,"46198","Lerma - Tres Marías","2. Consumo Real","PERFILADORA RODATEC RX600-4-4008",140,27,""
26,"46198","Maquinaria Pegaso","2. Consumo Real","PAVIMENTADORA  VOGELE 1800-2 SJ",222,27,""
26,"46198","Maquinaria Pegaso","2. Consumo Real","PAYLODER",217,27,""
26,"46198","Maquinaria Pegaso","2. Consumo Real","BIDONES",850,27,""
26,"46198","Lerma - Tres Marías","2. Consumo Real","RETROEXCAVADORA JHONDEREE 310SK",50,27,""
26,"46198","Lerma - Tres Marías","2. Consumo Real","BARREDORA LAYMOR SM400",50,27,""
26,"46198","Lerma - Tres Marías","2. Consumo Real","PAVIMENTADORA  VOGELE 1800-3 i",177,27,""
26,"46198","Planta Asflato Huixquilucan","2. Consumo Real","GENERADOR AMMANN",100,27,""
26,"46199","Bacheo Toluca","2. Consumo Real","MOTOCONFORMADORA RENTADA",90,27,""
26,"46199","Bacheo Toluca","2. Consumo Real","RETROEXCAVADORA CASE 580 N",48,27,""
26,"46199","México-Toluca","2. Consumo Real","TANDEM DOBLE RODILLO / VIBROCOMPACTOR RODILLO CAT CB54",40,27,""
26,"46199","México-Toluca","2. Consumo Real","NEUMATICO VOLVO PT-240R",30,27,""
26,"46199","México-Toluca","2. Consumo Real","NEUMATICO / COMPACTADOR DE NEUMATICOS DINAPAC CP271",16,27,""
26,"46199","México-Toluca","2. Consumo Real","PAVIMENTADORA  VOGELE SJ 1800-3",120,27,""
26,"46199","México-Toluca","2. Consumo Real","TANDEM DOBLE RODILLO / VIBROCOMPACTOR RODILLO CAT CB54",32,27,""
26,"46199","México-Toluca","2. Consumo Real","RETROEXCAVADORA JHONDEREE 310SK",40,27,""
26,"46199","Lerma - Tres Marías","2. Consumo Real","PETROLIZADORA    INTERNATIONAL",41,27,""
26,"46199","México-Toluca","2. Consumo Real","PERFILADORA RODATEC RX600E",329,27,""
26,"46199","Bacheo Toluca","2. Consumo Real","BIDONES",480,27,""
26,"46199","Bacheo Toluca","2. Consumo Real","MOTOCONFORMADORA RENTADA",220,27,""
26,"46199","Bacheo Toluca","2. Consumo Real","DOBLE RODILLO/VIBROCOMPACTADOR DE RODILLOS HAMM 140HD",80,27,""
26,"46199","Bacheo Toluca","2. Consumo Real","RETROEXCAVADORA CASE 580 N",80,27,""
26,"46199","México-Toluca","2. Consumo Real","PERFILADORA RODATEC RX600E",200,27,""
26,"46199","Planta Asflato Huixquilucan","2. Consumo Real","GENERADOR AMMANN",200,27,""
26,"46200","México-Toluca","2. Consumo Real","BARREDORA BROCE RJ350",24,27,""
26,"46200","México-Toluca","2. Consumo Real","PIPA DE AGUA (IMPACTO 01) FORD",50,27,""
26,"46200","México-Toluca","2. Consumo Real","PERFILADORA RODATEC RX600E",118,27,""
26,"46200","Planta Asflato Huixquilucan","2. Consumo Real","GENERADOR AMMANN",100,27,""
26,"46200","Planta Asflato Huixquilucan","2. Consumo Real","CRIBA ROJA",60,27,""
26,"46200","Planta Asflato Huixquilucan","2. Consumo Real","MAXILIGHT",40,27,""
26,"46200","Planta Asflato Huixquilucan","2. Consumo Real","PAYLODER",200,27,""
26,"46200","Planta Asflato Huixquilucan","2. Consumo Real","AUTOTANQUE(QUEMADOR)",200,27,""
27,"46202","México-Toluca","2. Consumo Real","PAVIMENTADORA  VOGELE SJ 1800-3",102,27,""
27,"46202","México-Toluca","2. Consumo Real","DOBLE RODILLO/VIBROCOMPACTADOR DE RODILLOS HAMM 120HD VV",41,27,""
27,"46202","México-Toluca","2. Consumo Real","DOBLE RODILLO/VIBROCOMPACTADOR DE RODILLOS HAMM 140HD",23,27,""
27,"46202","México-Toluca","2. Consumo Real","RETROEXCAVADORA JHONDEREE 310SK",60,27,""
27,"46202","México-Toluca","2. Consumo Real","PERFILADORA RODATEC RX600E",97,27,""
27,"46202","Lerma - Tres Marías","2. Consumo Real","PAVIMENTADORA  VOGELE 1800-3 i",178,27,""
27,"46202","Lerma - Tres Marías","2. Consumo Real","TANDEM DOBLE RODILLO / VIBROCOMPACTOR RODILLO CAT CB54",38,27,""
27,"46202","México-Toluca","2. Consumo Real","PETROLIZADORA    INTERNATIONAL",50,27,""
27,"46202","Planta Asflato Huixquilucan","2. Consumo Real","GENERADOR AMMANN",200,27,""
27,"46202","Planta Asflato Huixquilucan","2. Consumo Real","GENERADOR AMMANN",80,27,""
27,"46202","Planta Asflato Huixquilucan","2. Consumo Real","GENERADOR",300,27,""
27,"46202","Lerma - Tres Marías","2. Consumo Real","TANDEM DOBLE RODILLO / VIBROCOMPACTOR RODILLO CAT CB54",38,27,""
27,"46202","Planta Asfalto Pegaso","2. Consumo Real","PAYLODER",210,27,""
27,"46202","Planta Asfalto Pegaso","2. Consumo Real","CALDERA TRIASO",300,27,""
27,"46202","Dragones","2. Consumo Real","PETROLIZADORA    INTERNATIONAL",60,27,""
27,"46202","Lerma - Tres Marías","2. Consumo Real","PETROLIZADORA    INTERNATIONAL",59,27,""
27,"46202","Lerma - Tres Marías","2. Consumo Real","PIPA DE AGUA (IMPACTO 01) FORD",94,27,""
27,"46202","Bacheo Toluca","2. Consumo Real","RETROEXCAVADORA JHONDEREE 310SK",45,27,""
27,"46203","Lerma - Tres Marías","2. Consumo Real","PERFILADORA RODATEC RX600-4-4008",400,27,""
27,"46203","Lerma - Tres Marías","2. Consumo Real","BARREDORA LAYMOR SM400",30,27,""
27,"46203","Planta Asflato Huixquilucan","2. Consumo Real","GENERADOR AMMANN",100,27,""
,"46203","Providencia","2. Consumo Real","NEUMATICO VOLVO PT-125R",50,27,""
,"46203","Providencia","2. Consumo Real","NEUMATICO / COMPACTADOR DE NEUMATICOS DINAPAC CP271",50,27,""
,"46203","Providencia","2. Consumo Real","CAMION DE SELLO",100,27,""
,"46203","Lerma - Tres Marías","2. Consumo Real","LIMPIEZA",29,27,""
,"46204","México-Toluca","2. Consumo Real","DOBLE RODILLO/VIBROCOMPACTADOR DE RODILLOS HAMM 120HD VV",33,27,""
,"46204","México-Toluca","2. Consumo Real","NEUMATICO / COMPACTADOR DE NEUMATICOS DINAPAC CP271",40,27,""
,"46204","México-Toluca","2. Consumo Real","DOBLE RODILLO/VIBROCOMPACTADOR DE RODILLOS HAMM 140HD",40,27,""
,"46204","México-Toluca","2. Consumo Real","NEUMATICO VOLVO PT-240R",40,27,""
,"46204","México-Toluca","2. Consumo Real","PAVIMENTADORA  VOGELE 1800-2 SJ",120,27,""
,"46181","Maquinaria Pegaso","3. Carga Almacen (Pipa)","Ticket: Bidones",Bacheo Toluca,27,"Carga Tanque Fijo"
,"46181","Maquinaria Pegaso","3. Carga Almacen (Pipa)","Ticket: Bidones",Planta Asfalto Pegaso,27,"Carga Tanque Fijo"
,"46181","Maquinaria Pegaso","3. Carga Almacen (Pipa)","Ticket: Bidones",Planta Asfalto Pegaso,27,"Carga Tanque Fijo"
,"46181","Maquinaria Pegaso","3. Carga Almacen (Pipa)","Ticket: Bidones",Bacheo Toluca,27,"Carga Tanque Fijo"
,"46182","Maquinaria Pegaso","3. Carga Almacen (Pipa)","Ticket: Retroexcavadora",Lerma - Tres Marías,27,"Carga Tanque Fijo"
,"46182","Maquinaria Pegaso","3. Carga Almacen (Pipa)","Ticket: Doble Rodillo",Lerma - Tres Marías,27,"Carga Tanque Fijo"
,"46182","Maquinaria Pegaso","3. Carga Almacen (Pipa)","Ticket: Petrolizadora",Lerma - Tres Marías,27,"Carga Tanque Fijo"
,"46183","Maquinaria Pegaso","3. Carga Almacen (Pipa)","Ticket: Bidones",Bacheo Toluca,27,"Carga Tanque Fijo"
,"46184","Maquinaria Pegaso","3. Carga Almacen (Pipa)","Ticket: PayLoder",Planta Asfalto Pegaso,27,"Carga Tanque Fijo"
,"46184","Maquinaria Pegaso","3. Carga Almacen (Pipa)","Ticket: Petrolizadora",Lerma - Tres Marías,27,"Carga Tanque Fijo"
,"46184","Maquinaria Pegaso","3. Carga Almacen (Pipa)","Ticket: Compresor",Lerma - Tres Marías,27,"Carga Tanque Fijo"
,"46184","Maquinaria Pegaso","3. Carga Almacen (Pipa)","Ticket: Retroexcavadora",Lerma - Tres Marías,27,"Carga Tanque Fijo"
,"46184","Maquinaria Pegaso","3. Carga Almacen (Pipa)","Ticket: Camion de Impacto",Lerma - Tres Marías,27,"Carga Tanque Fijo"
,"46184","Maquinaria Pegaso","3. Carga Almacen (Pipa)","Ticket: Vogel",Lerma - Tres Marías,27,"Carga Tanque Fijo"
,"46184","Maquinaria Pegaso","3. Carga Almacen (Pipa)","Ticket: Doble Rodillo",Lerma - Tres Marías,27,"Carga Tanque Fijo"
,"46184","Maquinaria Pegaso","3. Carga Almacen (Pipa)","Ticket: Doble Rodillo",Lerma - Tres Marías,27,"Carga Tanque Fijo"
,"46184","Maquinaria Pegaso","3. Carga Almacen (Pipa)","Ticket: Neuomatico",Lerma - Tres Marías,27,"Carga Tanque Fijo"
,"46185","Maquinaria Pegaso","3. Carga Almacen (Pipa)","Ticket: Barredora Broce",Bacheo Toluca,27,"Carga Tanque Fijo"
,"46188","Maquinaria Pegaso","3. Carga Almacen (Pipa)","Ticket: BIDONES",Bacheo Toluca,27,"Carga Tanque Fijo"
,"46188","Maquinaria Pegaso","3. Carga Almacen (Pipa)","Ticket: TANDEM DOBLE RODILLO / VIBROCOMPACTOR RODILLO CAT CB54",Lerma - Tres Marías,27,"Carga Tanque Fijo"
,"46188","Maquinaria Pegaso","3. Carga Almacen (Pipa)","Ticket: PAYLODER",Planta Asfalto Pegaso,27,"Carga Tanque Fijo"
,"46188","Maquinaria Pegaso","3. Carga Almacen (Pipa)","Ticket: DOBLE RODILLO/VIBROCOMPACTADOR DE RODILLOS HAMM 140HD",Bacheo Toluca,27,"Carga Tanque Fijo"
,"46188","Maquinaria Pegaso","3. Carga Almacen (Pipa)","Ticket: PETROLIZADORA    INTERNATIONAL",Lerma - Tres Marías,27,"Carga Tanque Fijo"
,"46188","Maquinaria Pegaso","3. Carga Almacen (Pipa)","Ticket: BARREDORA LAYMOR SM400",Lerma - Tres Marías,27,"Carga Tanque Fijo"
,"46188","Maquinaria Pegaso","3. Carga Almacen (Pipa)","Ticket: LIMPIEZA",Lerma - Tres Marías,27,"Carga Tanque Fijo"
,"46188","Maquinaria Pegaso","3. Carga Almacen (Pipa)","Ticket: RETROEXCAVADORA JHONDEREE 310SK",Lerma - Tres Marías,27,"Carga Tanque Fijo"
,"46189","Maquinaria Pegaso","3. Carga Almacen (Pipa)","Ticket: PIPA DE AGUA (IMPACTO 01) FORD",Lerma - Tres Marías,27,"Carga Tanque Fijo"
,"46189","Maquinaria Pegaso","3. Carga Almacen (Pipa)","Ticket: PETROLIZADORA (IMPACTO 04) FORD F800",Planta Asfalto Pegaso,27,"Carga Tanque Fijo"
,"46189","Maquinaria Pegaso","3. Carga Almacen (Pipa)","Ticket: BIDONES",Planta Asfalto Pegaso,27,"Carga Tanque Fijo"
,"46189","Maquinaria Pegaso","3. Carga Almacen (Pipa)","Ticket: PERFILADORA RODATEC RX600-4-4008",Lerma - Tres Marías,27,"Carga Tanque Fijo"
,"46189","Maquinaria Pegaso","3. Carga Almacen (Pipa)","Ticket: PERFILADORA RODATEC RX600-4-4008",Bacheo Toluca,27,"Carga Tanque Fijo"
,"46189","Maquinaria Pegaso","3. Carga Almacen (Pipa)","Ticket: PIPA DE AGUA (IMPACTO 01) FORD",Lerma - Tres Marías,27,"Carga Tanque Fijo"
,"46189","Maquinaria Pegaso","3. Carga Almacen (Pipa)","Ticket: PAVIMENTADORA  VOGELE 1800-3 i",Lerma - Tres Marías,27,"Carga Tanque Fijo"
,"46190","Maquinaria Pegaso","3. Carga Almacen (Pipa)","Ticket: IMPACTO FORD 4300",Lerma - Tres Marías,27,"Carga Tanque Fijo"
,"46192","Maquinaria Pegaso","3. Carga Almacen (Pipa)","Ticket: PETROLIZADORA    INTERNATIONAL",Lerma - Tres Marías,27,"Carga Tanque Fijo"
,"46192","Maquinaria Pegaso","3. Carga Almacen (Pipa)","Ticket: PETROLIZADORA    INTERNATIONAL",Dragones,27,"Carga Tanque Fijo"
,"46192","Maquinaria Pegaso","3. Carga Almacen (Pipa)","Ticket: BARREDORA LAYMOR SM400",Lerma - Tres Marías,27,"Carga Tanque Fijo"
,"46192","Maquinaria Pegaso","3. Carga Almacen (Pipa)","Ticket: TANDEM DOBLE RODILLO / VIBROCOMPACTOR RODILLO CAT CB54",Lerma - Tres Marías,27,"Carga Tanque Fijo"
,"46192","Maquinaria Pegaso","3. Carga Almacen (Pipa)","Ticket: RETROEXCAVADORA JHONDEREE 310SK",Lerma - Tres Marías,27,"Carga Tanque Fijo"
,"46192","Maquinaria Pegaso","3. Carga Almacen (Pipa)","Ticket: NEUMATICO / COMPACTADOR DE NEUMATICOS DINAPAC CP271",Lerma - Tres Marías,27,"Carga Tanque Fijo"
,"46192","Maquinaria Pegaso","3. Carga Almacen (Pipa)","Ticket: PAVIMENTADORA  VOGELE 1800-3 i",Lerma - Tres Marías,27,"Carga Tanque Fijo"
,"46192","Maquinaria Pegaso","3. Carga Almacen (Pipa)","Ticket: PIPA DE AGUA (IMPACTO 01) FORD",Lerma - Tres Marías,27,"Carga Tanque Fijo"
,"46192","Maquinaria Pegaso","3. Carga Almacen (Pipa)","Ticket: RETROEXCAVADORA CASE 580 N",Bacheo Toluca,27,"Carga Tanque Fijo"
,"46193","Maquinaria Pegaso","3. Carga Almacen (Pipa)","Ticket: BIDONES",Bacheo Toluca,27,"Carga Tanque Fijo"
,"46193","Maquinaria Pegaso","3. Carga Almacen (Pipa)","Ticket: BIDONES",Planta Asfalto Pegaso,27,"Carga Tanque Fijo"
,"46188","Maquinaria Pegaso","3. Carga Almacen (Pipa)","Ticket: PERFILADORA RODATEC RX600E",Bacheo Toluca,27,"Carga Tanque Fijo"